-- ============================================================
-- ESL ENGLISH CENTER — SEED DATA
-- UUID prefix key:
--   b1xxxxxx = branches       a1xxxxxx = academic_years
--   5bxxxxxx = subjects        7exxxxxx = teachers
--   4bxxxxxx = rooms           c0xxxxxx = courses
--   c1xxxxxx = classes         5exxxxxx = students
--   dbxxxxxx = parents         f0xxxxxx = roles
-- ============================================================

-- ============================================================
-- 0. ROLES + PERMISSIONS + ROLE_PERMISSIONS
-- ============================================================

INSERT INTO roles (id, name, display_name, description) VALUES
  ('f0000000-0000-0000-0000-000000000001', 'admin',   'Quản trị viên', 'Toàn quyền hệ thống'),
  ('f0000000-0000-0000-0000-000000000002', 'manager', 'Quản lý',       'Quản lý cơ sở, lớp học, học phí'),
  ('f0000000-0000-0000-0000-000000000003', 'teacher', 'Giáo viên',     'Xem lớp, điểm danh học sinh'),
  ('f0000000-0000-0000-0000-000000000004', 'staff',   'Nhân viên',     'Nhập liệu học sinh, thu học phí')
ON CONFLICT DO NOTHING;

INSERT INTO permissions (resource, action, display_name)
SELECT r.res, a.act, r.res || ':' || a.act
FROM (VALUES
  ('students'), ('parents'), ('teachers'), ('classes'),
  ('rooms'), ('payments'), ('reports'), ('notifications'),
  ('settings'), ('branches')
) AS r(res)
CROSS JOIN (VALUES
  ('view'), ('create'), ('edit'), ('delete'), ('export')
) AS a(act)
ON CONFLICT DO NOTHING;

INSERT INTO role_permissions (role_id, permission_id)
SELECT r.id, p.id FROM roles r CROSS JOIN permissions p
WHERE r.name = 'admin'
ON CONFLICT DO NOTHING;

INSERT INTO role_permissions (role_id, permission_id)
SELECT r.id, p.id FROM roles r JOIN permissions p ON TRUE
WHERE r.name = 'manager'
  AND NOT (p.resource = 'settings')
  AND NOT (p.resource = 'teachers' AND p.action = 'delete')
  AND NOT (p.resource = 'branches' AND p.action IN ('create','delete'))
ON CONFLICT DO NOTHING;

INSERT INTO role_permissions (role_id, permission_id)
SELECT r.id, p.id FROM roles r JOIN permissions p ON TRUE
WHERE r.name = 'teacher'
  AND p.resource IN ('students','parents','classes','notifications')
  AND p.action = 'view'
ON CONFLICT DO NOTHING;

INSERT INTO role_permissions (role_id, permission_id)
SELECT r.id, p.id FROM roles r JOIN permissions p ON TRUE
WHERE r.name = 'staff' AND (
  (p.resource IN ('students','parents','payments') AND p.action IN ('view','create','edit'))
  OR (p.resource IN ('classes','rooms','branches','notifications') AND p.action = 'view')
)
ON CONFLICT DO NOTHING;

-- ============================================================
-- 1. BRANCHES
-- ============================================================
INSERT INTO branches (id, code, name, address, phone, email, status) VALUES
  ('b1000000-0000-0000-0000-000000000001', 'CS1', 'Cơ sở 1', '123 Nguyễn Văn Linh, Quận 7, TP. HCM', '028 1234 5678', 'cs1@esl.edu.vn', 'active')
ON CONFLICT DO NOTHING;

-- ============================================================
-- 2. ACADEMIC YEARS
-- ============================================================
INSERT INTO academic_years (id, name, start_date, end_date, is_current) VALUES
  ('a1000000-0000-0000-0000-000000000001', '2025-2026', '2025-09-01', '2026-06-30', TRUE)
ON CONFLICT DO NOTHING;

-- ============================================================
-- 3. SUBJECTS
-- ============================================================
INSERT INTO subjects (id, name) VALUES
  ('5b000000-0000-0000-0000-000000000001', 'Speaking'),
  ('5b000000-0000-0000-0000-000000000002', 'Listening'),
  ('5b000000-0000-0000-0000-000000000003', 'Grammar'),
  ('5b000000-0000-0000-0000-000000000004', 'Reading'),
  ('5b000000-0000-0000-0000-000000000005', 'Phonics'),
  ('5b000000-0000-0000-0000-000000000006', 'Writing'),
  ('5b000000-0000-0000-0000-000000000007', 'IELTS'),
  ('5b000000-0000-0000-0000-000000000008', 'Drama')
ON CONFLICT DO NOTHING;

-- ============================================================
-- 4. TEACHERS
-- ============================================================
INSERT INTO teachers (id, full_name, nationality, phone, email, color, join_date, primary_branch_id, status) VALUES
  ('7e000000-0000-0000-0000-000000000001', 'Sarah Johnson',  'Mỹ',        '0987 654 321', 'sarah@esl.edu.vn',   '#FF6B35', '2024-01-15', 'b1000000-0000-0000-0000-000000000001', 'active'),
  ('7e000000-0000-0000-0000-000000000002', 'James Wilson',   'Anh',       '0976 543 210', 'james@esl.edu.vn',   '#3B82F6', '2024-03-01', 'b1000000-0000-0000-0000-000000000001', 'active'),
  ('7e000000-0000-0000-0000-000000000003', 'Nguyễn Thị Lan', 'Việt Nam',  '0965 432 109', 'lan@esl.edu.vn',     '#10B981', '2023-09-01', 'b1000000-0000-0000-0000-000000000001', 'active'),
  ('7e000000-0000-0000-0000-000000000004', 'Michael Brown',  'Úc',        '0954 321 098', 'michael@esl.edu.vn', '#8B5CF6', '2024-02-01', 'b1000000-0000-0000-0000-000000000001', 'active'),
  ('7e000000-0000-0000-0000-000000000005', 'Emily Chen',     'Singapore', '0943 210 987', 'emily@esl.edu.vn',   '#EC4899', '2024-06-01', 'b1000000-0000-0000-0000-000000000001', 'active'),
  ('7e000000-0000-0000-0000-000000000006', 'Trần Văn Đức',   'Việt Nam',  '0932 109 876', 'duc@esl.edu.vn',     '#F59E0B', '2024-08-01', 'b1000000-0000-0000-0000-000000000001', 'active'),
  ('7e000000-0000-0000-0000-000000000007', 'Amanda Lee',     'Canada',    '0921 098 765', 'amanda@esl.edu.vn',  '#06B6D4', '2024-01-01', 'b1000000-0000-0000-0000-000000000001', 'on-leave'),
  ('7e000000-0000-0000-0000-000000000008', 'David Park',     'Mỹ',        '0910 987 654', 'david@esl.edu.vn',   '#EF4444', '2025-01-01', 'b1000000-0000-0000-0000-000000000001', 'active')
ON CONFLICT DO NOTHING;

INSERT INTO teacher_branches (teacher_id, branch_id) VALUES
  ('7e000000-0000-0000-0000-000000000001', 'b1000000-0000-0000-0000-000000000001'),
  ('7e000000-0000-0000-0000-000000000002', 'b1000000-0000-0000-0000-000000000001'),
  ('7e000000-0000-0000-0000-000000000003', 'b1000000-0000-0000-0000-000000000001'),
  ('7e000000-0000-0000-0000-000000000004', 'b1000000-0000-0000-0000-000000000001'),
  ('7e000000-0000-0000-0000-000000000005', 'b1000000-0000-0000-0000-000000000001'),
  ('7e000000-0000-0000-0000-000000000006', 'b1000000-0000-0000-0000-000000000001'),
  ('7e000000-0000-0000-0000-000000000007', 'b1000000-0000-0000-0000-000000000001'),
  ('7e000000-0000-0000-0000-000000000008', 'b1000000-0000-0000-0000-000000000001')
ON CONFLICT DO NOTHING;

INSERT INTO teacher_subjects (teacher_id, subject_id) VALUES
  ('7e000000-0000-0000-0000-000000000001', '5b000000-0000-0000-0000-000000000001'),
  ('7e000000-0000-0000-0000-000000000001', '5b000000-0000-0000-0000-000000000002'),
  ('7e000000-0000-0000-0000-000000000002', '5b000000-0000-0000-0000-000000000003'),
  ('7e000000-0000-0000-0000-000000000002', '5b000000-0000-0000-0000-000000000004'),
  ('7e000000-0000-0000-0000-000000000003', '5b000000-0000-0000-0000-000000000005'),
  ('7e000000-0000-0000-0000-000000000003', '5b000000-0000-0000-0000-000000000006'),
  ('7e000000-0000-0000-0000-000000000004', '5b000000-0000-0000-0000-000000000007'),
  ('7e000000-0000-0000-0000-000000000004', '5b000000-0000-0000-0000-000000000001'),
  ('7e000000-0000-0000-0000-000000000005', '5b000000-0000-0000-0000-000000000003'),
  ('7e000000-0000-0000-0000-000000000005', '5b000000-0000-0000-0000-000000000006'),
  ('7e000000-0000-0000-0000-000000000006', '5b000000-0000-0000-0000-000000000005'),
  ('7e000000-0000-0000-0000-000000000006', '5b000000-0000-0000-0000-000000000003'),
  ('7e000000-0000-0000-0000-000000000007', '5b000000-0000-0000-0000-000000000001'),
  ('7e000000-0000-0000-0000-000000000007', '5b000000-0000-0000-0000-000000000008'),
  ('7e000000-0000-0000-0000-000000000008', '5b000000-0000-0000-0000-000000000001'),
  ('7e000000-0000-0000-0000-000000000008', '5b000000-0000-0000-0000-000000000002')
ON CONFLICT DO NOTHING;

-- ============================================================
-- 5. ROOMS
-- ============================================================
INSERT INTO rooms (id, branch_id, name, floor, capacity, type, status, equipment) VALUES
  ('4b000000-0000-0000-0000-000000000001', 'b1000000-0000-0000-0000-000000000001', 'P.201', 'Tầng 2', 15, 'Kids',     'available',   '["Máy chiếu","Bảng tương tác","Loa"]'),
  ('4b000000-0000-0000-0000-000000000002', 'b1000000-0000-0000-0000-000000000001', 'P.202', 'Tầng 2', 12, 'Kids',     'in-use',      '["Máy chiếu","TV","Loa"]'),
  ('4b000000-0000-0000-0000-000000000003', 'b1000000-0000-0000-0000-000000000001', 'P.203', 'Tầng 2', 20, 'Multi',    'available',   '["Máy chiếu","Bảng tương tác","Loa","Micro"]'),
  ('4b000000-0000-0000-0000-000000000004', 'b1000000-0000-0000-0000-000000000001', 'P.301', 'Tầng 3', 18, 'Teens',    'in-use',      '["Máy chiếu","Bảng trắng","Loa"]'),
  ('4b000000-0000-0000-0000-000000000005', 'b1000000-0000-0000-0000-000000000001', 'P.302', 'Tầng 3', 25, 'Teens',    'available',   '["Máy chiếu","Bảng tương tác","Loa","Micro"]'),
  ('4b000000-0000-0000-0000-000000000006', 'b1000000-0000-0000-0000-000000000001', 'P.303', 'Tầng 3', 10, 'Tutorial', 'maintenance', '["TV","Bảng trắng"]')
ON CONFLICT DO NOTHING;

-- ============================================================
-- 6. COURSES
-- ============================================================
INSERT INTO courses (id, name, level, age_min, age_max, description) VALUES
  ('c0000000-0000-0000-0000-000000000001', 'Kids Starter',          'A1',   5,  7,  'Chương trình nhập môn tiếng Anh cho trẻ 5-7 tuổi'),
  ('c0000000-0000-0000-0000-000000000002', 'Kids Elementary',       'A2',   8,  10, 'Tiếng Anh cơ bản cho trẻ 8-10 tuổi'),
  ('c0000000-0000-0000-0000-000000000003', 'Kids Plus',             'A1-A2',6,  10, 'Lớp tổng hợp kỹ năng cho trẻ 6-10 tuổi'),
  ('c0000000-0000-0000-0000-000000000004', 'Teen Pre-Intermediate', 'B1',   11, 14, 'Tiếng Anh trung cấp sơ cho học sinh 11-14 tuổi'),
  ('c0000000-0000-0000-0000-000000000005', 'Teen Intermediate',     'B2',   14, 17, 'Tiếng Anh trung cấp cho học sinh 14-17 tuổi'),
  ('c0000000-0000-0000-0000-000000000006', 'IELTS Preparation',     'B2+',  15, 17, 'Luyện thi IELTS chuyên sâu'),
  ('c0000000-0000-0000-0000-000000000007', 'Speaking Club',         'All',  8,  17, 'Câu lạc bộ luyện nói mọi trình độ')
ON CONFLICT DO NOTHING;

-- ============================================================
-- 7. CLASSES
-- ============================================================
INSERT INTO classes (id, name, branch_id, academic_year_id, course_id, teacher_id, room_id, level, age_group, max_students, status, start_date, end_date, fee_per_month) VALUES
  ('c1000000-0000-0000-0000-000000000001', 'Kids Starter A',   'b1000000-0000-0000-0000-000000000001', 'a1000000-0000-0000-0000-000000000001', 'c0000000-0000-0000-0000-000000000001', '7e000000-0000-0000-0000-000000000001', '4b000000-0000-0000-0000-000000000001', 'A1',   '5-7',   15, 'active', '2025-09-01', '2026-06-30', 3500000),
  ('c1000000-0000-0000-0000-000000000002', 'Kids Starter B',   'b1000000-0000-0000-0000-000000000001', 'a1000000-0000-0000-0000-000000000001', 'c0000000-0000-0000-0000-000000000001', '7e000000-0000-0000-0000-000000000003', '4b000000-0000-0000-0000-000000000002', 'A1',   '5-7',   12, 'active', '2025-09-01', '2026-06-30', 3200000),
  ('c1000000-0000-0000-0000-000000000003', 'Kids Elementary A','b1000000-0000-0000-0000-000000000001', 'a1000000-0000-0000-0000-000000000001', 'c0000000-0000-0000-0000-000000000002', '7e000000-0000-0000-0000-000000000001', '4b000000-0000-0000-0000-000000000001', 'A2',   '8-10',  15, 'active', '2025-09-01', '2026-06-30', 3800000),
  ('c1000000-0000-0000-0000-000000000004', 'Kids Elementary B','b1000000-0000-0000-0000-000000000001', 'a1000000-0000-0000-0000-000000000001', 'c0000000-0000-0000-0000-000000000002', '7e000000-0000-0000-0000-000000000005', '4b000000-0000-0000-0000-000000000003', 'A2',   '8-10',  20, 'active', '2025-09-01', '2026-06-30', 3800000),
  ('c1000000-0000-0000-0000-000000000005', 'Teen Pre-Inter A', 'b1000000-0000-0000-0000-000000000001', 'a1000000-0000-0000-0000-000000000001', 'c0000000-0000-0000-0000-000000000004', '7e000000-0000-0000-0000-000000000002', '4b000000-0000-0000-0000-000000000004', 'B1',   '11-14', 18, 'active', '2025-09-01', '2026-06-30', 4200000),
  ('c1000000-0000-0000-0000-000000000006', 'Teen Pre-Inter B', 'b1000000-0000-0000-0000-000000000001', 'a1000000-0000-0000-0000-000000000001', 'c0000000-0000-0000-0000-000000000004', '7e000000-0000-0000-0000-000000000002', '4b000000-0000-0000-0000-000000000004', 'B1',   '11-14', 18, 'active', '2025-09-01', '2026-06-30', 4200000),
  ('c1000000-0000-0000-0000-000000000007', 'Teen Inter A',     'b1000000-0000-0000-0000-000000000001', 'a1000000-0000-0000-0000-000000000001', 'c0000000-0000-0000-0000-000000000005', '7e000000-0000-0000-0000-000000000002', '4b000000-0000-0000-0000-000000000005', 'B2',   '14-17', 18, 'active', '2025-09-01', '2026-06-30', 4500000),
  ('c1000000-0000-0000-0000-000000000008', 'Kids Plus',        'b1000000-0000-0000-0000-000000000001', 'a1000000-0000-0000-0000-000000000001', 'c0000000-0000-0000-0000-000000000003', '7e000000-0000-0000-0000-000000000007', '4b000000-0000-0000-0000-000000000001', 'A1-A2','6-10',  15, 'active', '2025-09-01', '2026-06-30', 3000000),
  ('c1000000-0000-0000-0000-000000000009', 'IELTS Prep',       'b1000000-0000-0000-0000-000000000001', 'a1000000-0000-0000-0000-000000000001', 'c0000000-0000-0000-0000-000000000006', '7e000000-0000-0000-0000-000000000004', '4b000000-0000-0000-0000-000000000005', 'B2+',  '15-17', 12, 'active', '2025-03-01', '2026-11-30', 5500000),
  ('c1000000-0000-0000-0000-00000000000a', 'Speaking Club',    'b1000000-0000-0000-0000-000000000001', 'a1000000-0000-0000-0000-000000000001', 'c0000000-0000-0000-0000-000000000007', '7e000000-0000-0000-0000-000000000008', '4b000000-0000-0000-0000-000000000003', 'All',  '8-17',  25, 'active', '2025-09-01', '2026-06-30', 2000000)
ON CONFLICT DO NOTHING;

-- Class schedules (day_of_week: 0=CN, 1=T2, 2=T3, 3=T4, 4=T5, 5=T6, 6=T7)
INSERT INTO class_schedules (class_id, day_of_week, start_time, end_time) VALUES
  ('c1000000-0000-0000-0000-000000000001', 1, '15:00', '16:30'),
  ('c1000000-0000-0000-0000-000000000001', 3, '15:00', '16:30'),
  ('c1000000-0000-0000-0000-000000000001', 5, '15:00', '16:30'),
  ('c1000000-0000-0000-0000-000000000002', 2, '15:00', '16:30'),
  ('c1000000-0000-0000-0000-000000000002', 4, '15:00', '16:30'),
  ('c1000000-0000-0000-0000-000000000003', 1, '17:00', '18:30'),
  ('c1000000-0000-0000-0000-000000000003', 3, '17:00', '18:30'),
  ('c1000000-0000-0000-0000-000000000003', 5, '17:00', '18:30'),
  ('c1000000-0000-0000-0000-000000000004', 2, '17:00', '18:30'),
  ('c1000000-0000-0000-0000-000000000004', 4, '17:00', '18:30'),
  ('c1000000-0000-0000-0000-000000000005', 1, '17:30', '19:00'),
  ('c1000000-0000-0000-0000-000000000005', 3, '17:30', '19:00'),
  ('c1000000-0000-0000-0000-000000000005', 5, '17:30', '19:00'),
  ('c1000000-0000-0000-0000-000000000006', 6, '08:00', '11:00'),
  ('c1000000-0000-0000-0000-000000000007', 2, '18:00', '19:30'),
  ('c1000000-0000-0000-0000-000000000007', 4, '18:00', '19:30'),
  ('c1000000-0000-0000-0000-000000000008', 6, '09:00', '11:00'),
  ('c1000000-0000-0000-0000-000000000009', 0, '09:00', '12:00'),
  ('c1000000-0000-0000-0000-00000000000a', 6, '14:00', '15:30')
ON CONFLICT DO NOTHING;

-- ============================================================
-- 8. STUDENTS
-- ============================================================
INSERT INTO students (id, full_name, dob, gender, level, email, status, enroll_date) VALUES
  ('5e000000-0000-0000-0000-000000000001', 'Nguyễn Minh Anh',  '2018-03-15', 'F', 'A1', 'hung.nv@gmail.com',   'active',  '2025-09-01'),
  ('5e000000-0000-0000-0000-000000000002', 'Trần Bảo Ngọc',    '2016-06-22', 'F', 'A2', 'hoa.tt@gmail.com',    'active',  '2025-08-15'),
  ('5e000000-0000-0000-0000-000000000003', 'Lê Hoàng Nam',     '2014-11-10', 'M', 'B1', 'tung.lv@gmail.com',   'active',  '2025-09-01'),
  ('5e000000-0000-0000-0000-000000000004', 'Phạm Thu Hà',      '2019-04-05', 'F', 'A1', 'tuan.pm@gmail.com',   'active',  '2025-10-01'),
  ('5e000000-0000-0000-0000-000000000005', 'Vũ Đức Minh',      '2012-01-18', 'M', 'B1', 'lan.vt@gmail.com',    'active',  '2025-09-15'),
  ('5e000000-0000-0000-0000-000000000006', 'Hoàng Thị Mai',    '2017-07-29', 'F', 'A2', 'duc.hv@gmail.com',    'trial',   '2025-11-01'),
  ('5e000000-0000-0000-0000-000000000007', 'Đỗ Quang Huy',     '2015-12-12', 'M', 'A2', 'ngoc.dt@gmail.com',   'active',  '2025-09-01'),
  ('5e000000-0000-0000-0000-000000000008', 'Ngô Thanh Trúc',   '2013-05-03', 'F', 'B1', 'phat.nm@gmail.com',   'active',  '2025-08-15'),
  ('5e000000-0000-0000-0000-000000000009', 'Bùi Nhật Linh',    '2020-09-21', 'F', 'A1', 'khoa.bv@gmail.com',   'active',  '2025-09-01'),
  ('5e000000-0000-0000-0000-00000000000a', 'Dương Minh Châu',  '2011-02-14', 'F', 'B2', 'vinh.dt@gmail.com',   'active',  '2025-06-01'),
  ('5e000000-0000-0000-0000-00000000000b', 'Phan Gia Bảo',     '2018-08-07', 'M', 'A1', 'huong.pt@gmail.com',  'paused',  '2025-09-01'),
  ('5e000000-0000-0000-0000-00000000000c', 'Lý Khánh Vy',      '2016-10-30', 'F', 'A2', 'tri.lm@gmail.com',    'active',  '2025-09-15'),
  ('5e000000-0000-0000-0000-00000000000d', 'Hồ Anh Tuấn',      '2010-06-25', 'M', 'B2', 'son.hv@gmail.com',    'active',  '2025-03-01'),
  ('5e000000-0000-0000-0000-00000000000e', 'Đinh Phương Linh', '2017-03-11', 'F', 'A2', 'quan.dv@gmail.com',   'active',  '2025-10-01'),
  ('5e000000-0000-0000-0000-00000000000f', 'Võ Thành Long',    '2014-01-19', 'M', 'B1', 'thanh.vt@gmail.com',  'active',  '2025-09-01')
ON CONFLICT DO NOTHING;

-- ============================================================
-- 9. PARENTS
-- ============================================================
INSERT INTO parents (id, full_name, phone, email, address) VALUES
  ('db000000-0000-0000-0000-000000000001', 'Nguyễn Văn Hùng',  '0912 345 678', 'hung.nv@gmail.com',   'Quận 7, TP. HCM'),
  ('db000000-0000-0000-0000-000000000002', 'Trần Thị Hoa',     '0903 456 789', 'hoa.tt@gmail.com',    'Quận 3, TP. HCM'),
  ('db000000-0000-0000-0000-000000000003', 'Lê Văn Tùng',      '0934 567 890', 'tung.lv@gmail.com',   'Quận Bình Thạnh, TP. HCM'),
  ('db000000-0000-0000-0000-000000000004', 'Phạm Minh Tuấn',   '0978 678 901', 'tuan.pm@gmail.com',   'Quận 4, TP. HCM'),
  ('db000000-0000-0000-0000-000000000005', 'Vũ Thị Lan',       '0945 789 012', 'lan.vt@gmail.com',    'Quận Tân Bình, TP. HCM'),
  ('db000000-0000-0000-0000-000000000006', 'Hoàng Văn Đức',    '0967 890 123', 'duc.hv@gmail.com',    'Quận 1, TP. HCM'),
  ('db000000-0000-0000-0000-000000000007', 'Đỗ Thị Ngọc',      '0923 901 234', 'ngoc.dt@gmail.com',   'Quận Phú Nhuận, TP. HCM'),
  ('db000000-0000-0000-0000-000000000008', 'Ngô Minh Phát',    '0956 012 345', 'phat.nm@gmail.com',   'Quận 10, TP. HCM'),
  ('db000000-0000-0000-0000-000000000009', 'Bùi Văn Khoa',     '0989 123 456', 'khoa.bv@gmail.com',   'Quận 12, TP. HCM'),
  ('db000000-0000-0000-0000-00000000000a', 'Dương Thế Vinh',   '0912 234 567', 'vinh.dt@gmail.com',   'Quận Gò Vấp, TP. HCM'),
  ('db000000-0000-0000-0000-00000000000b', 'Phan Thị Hương',   '0934 345 678', 'huong.pt@gmail.com',  'Quận 8, TP. HCM'),
  ('db000000-0000-0000-0000-00000000000c', 'Lý Minh Trí',      '0945 456 789', 'tri.lm@gmail.com',    'Quận Tân Phú, TP. HCM'),
  ('db000000-0000-0000-0000-00000000000d', 'Hồ Văn Sơn',       '0967 567 890', 'son.hv@gmail.com',    'Quận 5, TP. HCM'),
  ('db000000-0000-0000-0000-00000000000e', 'Đinh Văn Quân',    '0978 678 901', 'quan.dv@gmail.com',   'Quận 6, TP. HCM'),
  ('db000000-0000-0000-0000-00000000000f', 'Võ Thị Thanh',     '0989 789 012', 'thanh.vt@gmail.com',  'Quận 11, TP. HCM')
ON CONFLICT DO NOTHING;

-- ============================================================
-- 10. STUDENT_PARENTS
-- ============================================================
INSERT INTO student_parents (student_id, parent_id, relation, is_primary, is_emergency) VALUES
  ('5e000000-0000-0000-0000-000000000001', 'db000000-0000-0000-0000-000000000001', 'father', TRUE, TRUE),
  ('5e000000-0000-0000-0000-000000000002', 'db000000-0000-0000-0000-000000000002', 'mother', TRUE, TRUE),
  ('5e000000-0000-0000-0000-000000000003', 'db000000-0000-0000-0000-000000000003', 'father', TRUE, TRUE),
  ('5e000000-0000-0000-0000-000000000004', 'db000000-0000-0000-0000-000000000004', 'father', TRUE, TRUE),
  ('5e000000-0000-0000-0000-000000000005', 'db000000-0000-0000-0000-000000000005', 'mother', TRUE, TRUE),
  ('5e000000-0000-0000-0000-000000000006', 'db000000-0000-0000-0000-000000000006', 'father', TRUE, TRUE),
  ('5e000000-0000-0000-0000-000000000007', 'db000000-0000-0000-0000-000000000007', 'mother', TRUE, TRUE),
  ('5e000000-0000-0000-0000-000000000008', 'db000000-0000-0000-0000-000000000008', 'father', TRUE, TRUE),
  ('5e000000-0000-0000-0000-000000000009', 'db000000-0000-0000-0000-000000000009', 'father', TRUE, TRUE),
  ('5e000000-0000-0000-0000-00000000000a', 'db000000-0000-0000-0000-00000000000a', 'father', TRUE, TRUE),
  ('5e000000-0000-0000-0000-00000000000b', 'db000000-0000-0000-0000-00000000000b', 'mother', TRUE, TRUE),
  ('5e000000-0000-0000-0000-00000000000c', 'db000000-0000-0000-0000-00000000000c', 'father', TRUE, TRUE),
  ('5e000000-0000-0000-0000-00000000000d', 'db000000-0000-0000-0000-00000000000d', 'father', TRUE, TRUE),
  ('5e000000-0000-0000-0000-00000000000e', 'db000000-0000-0000-0000-00000000000e', 'father', TRUE, TRUE),
  ('5e000000-0000-0000-0000-00000000000f', 'db000000-0000-0000-0000-00000000000f', 'mother', TRUE, TRUE)
ON CONFLICT DO NOTHING;

-- ============================================================
-- 11. STUDENT_ACADEMIC_RECORDS
-- ============================================================
INSERT INTO student_academic_records (student_id, academic_year_id, branch_id, level, status) VALUES
  ('5e000000-0000-0000-0000-000000000001', 'a1000000-0000-0000-0000-000000000001', 'b1000000-0000-0000-0000-000000000001', 'A1', 'enrolled'),
  ('5e000000-0000-0000-0000-000000000002', 'a1000000-0000-0000-0000-000000000001', 'b1000000-0000-0000-0000-000000000001', 'A2', 'enrolled'),
  ('5e000000-0000-0000-0000-000000000003', 'a1000000-0000-0000-0000-000000000001', 'b1000000-0000-0000-0000-000000000001', 'B1', 'enrolled'),
  ('5e000000-0000-0000-0000-000000000004', 'a1000000-0000-0000-0000-000000000001', 'b1000000-0000-0000-0000-000000000001', 'A1', 'enrolled'),
  ('5e000000-0000-0000-0000-000000000005', 'a1000000-0000-0000-0000-000000000001', 'b1000000-0000-0000-0000-000000000001', 'B1', 'enrolled'),
  ('5e000000-0000-0000-0000-000000000006', 'a1000000-0000-0000-0000-000000000001', 'b1000000-0000-0000-0000-000000000001', 'A2', 'enrolled'),
  ('5e000000-0000-0000-0000-000000000007', 'a1000000-0000-0000-0000-000000000001', 'b1000000-0000-0000-0000-000000000001', 'A2', 'enrolled'),
  ('5e000000-0000-0000-0000-000000000008', 'a1000000-0000-0000-0000-000000000001', 'b1000000-0000-0000-0000-000000000001', 'B1', 'enrolled'),
  ('5e000000-0000-0000-0000-000000000009', 'a1000000-0000-0000-0000-000000000001', 'b1000000-0000-0000-0000-000000000001', 'A1', 'enrolled'),
  ('5e000000-0000-0000-0000-00000000000a', 'a1000000-0000-0000-0000-000000000001', 'b1000000-0000-0000-0000-000000000001', 'B2', 'enrolled'),
  ('5e000000-0000-0000-0000-00000000000b', 'a1000000-0000-0000-0000-000000000001', 'b1000000-0000-0000-0000-000000000001', 'A1', 'enrolled'),
  ('5e000000-0000-0000-0000-00000000000c', 'a1000000-0000-0000-0000-000000000001', 'b1000000-0000-0000-0000-000000000001', 'A2', 'enrolled'),
  ('5e000000-0000-0000-0000-00000000000d', 'a1000000-0000-0000-0000-000000000001', 'b1000000-0000-0000-0000-000000000001', 'B2', 'enrolled'),
  ('5e000000-0000-0000-0000-00000000000e', 'a1000000-0000-0000-0000-000000000001', 'b1000000-0000-0000-0000-000000000001', 'A2', 'enrolled'),
  ('5e000000-0000-0000-0000-00000000000f', 'a1000000-0000-0000-0000-000000000001', 'b1000000-0000-0000-0000-000000000001', 'B1', 'enrolled')
ON CONFLICT DO NOTHING;

-- ============================================================
-- 12. ENROLLMENTS
-- ============================================================
INSERT INTO enrollments (student_id, class_id, enrolled_date, status) VALUES
  ('5e000000-0000-0000-0000-000000000001', 'c1000000-0000-0000-0000-000000000001', '2025-09-01', 'active'),
  ('5e000000-0000-0000-0000-000000000002', 'c1000000-0000-0000-0000-000000000003', '2025-08-15', 'active'),
  ('5e000000-0000-0000-0000-000000000003', 'c1000000-0000-0000-0000-000000000005', '2025-09-01', 'active'),
  ('5e000000-0000-0000-0000-000000000004', 'c1000000-0000-0000-0000-000000000002', '2025-10-01', 'active'),
  ('5e000000-0000-0000-0000-000000000005', 'c1000000-0000-0000-0000-000000000006', '2025-09-15', 'active'),
  ('5e000000-0000-0000-0000-000000000006', 'c1000000-0000-0000-0000-000000000004', '2025-11-01', 'trial'),
  ('5e000000-0000-0000-0000-000000000007', 'c1000000-0000-0000-0000-000000000003', '2025-09-01', 'active'),
  ('5e000000-0000-0000-0000-000000000008', 'c1000000-0000-0000-0000-000000000005', '2025-08-15', 'active'),
  ('5e000000-0000-0000-0000-000000000009', 'c1000000-0000-0000-0000-000000000001', '2025-09-01', 'active'),
  ('5e000000-0000-0000-0000-00000000000a', 'c1000000-0000-0000-0000-000000000007', '2025-06-01', 'active'),
  ('5e000000-0000-0000-0000-00000000000b', 'c1000000-0000-0000-0000-000000000002', '2025-09-01', 'active'),
  ('5e000000-0000-0000-0000-00000000000c', 'c1000000-0000-0000-0000-000000000004', '2025-09-15', 'active'),
  ('5e000000-0000-0000-0000-00000000000d', 'c1000000-0000-0000-0000-000000000009', '2025-03-01', 'active'),
  ('5e000000-0000-0000-0000-00000000000e', 'c1000000-0000-0000-0000-000000000003', '2025-10-01', 'active'),
  ('5e000000-0000-0000-0000-00000000000f', 'c1000000-0000-0000-0000-000000000006', '2025-09-01', 'active')
ON CONFLICT DO NOTHING;

-- ============================================================
-- 13. PAYMENTS
-- ============================================================
INSERT INTO payments (student_id, class_id, branch_id, academic_year_id, amount, payment_date, due_date, period_month, period_year, type, status) VALUES
  ('5e000000-0000-0000-0000-000000000001', 'c1000000-0000-0000-0000-000000000001', 'b1000000-0000-0000-0000-000000000001', 'a1000000-0000-0000-0000-000000000001', 3500000, '2026-05-12', '2026-05-05', 5, 2026, 'tuition', 'paid'),
  ('5e000000-0000-0000-0000-000000000002', 'c1000000-0000-0000-0000-000000000003', 'b1000000-0000-0000-0000-000000000001', 'a1000000-0000-0000-0000-000000000001', 3800000, '2026-05-11', '2026-05-05', 5, 2026, 'tuition', 'paid'),
  ('5e000000-0000-0000-0000-000000000003', 'c1000000-0000-0000-0000-000000000005', 'b1000000-0000-0000-0000-000000000001', 'a1000000-0000-0000-0000-000000000001', 4200000, NULL,         '2026-05-05', 5, 2026, 'tuition', 'pending'),
  ('5e000000-0000-0000-0000-000000000005', 'c1000000-0000-0000-0000-000000000006', 'b1000000-0000-0000-0000-000000000001', 'a1000000-0000-0000-0000-000000000001', 4200000, '2026-05-09', '2026-05-05', 5, 2026, 'tuition', 'paid'),
  ('5e000000-0000-0000-0000-000000000006', 'c1000000-0000-0000-0000-000000000004', 'b1000000-0000-0000-0000-000000000001', 'a1000000-0000-0000-0000-000000000001', 3800000, NULL,         '2026-05-05', 5, 2026, 'tuition', 'overdue')
ON CONFLICT DO NOTHING;
